-- MySQL dump 10.13  Distrib 8.0.27, for Win64 (x86_64)
--
-- Host: localhost    Database: educationalmanagementdb
-- ------------------------------------------------------
-- Server version	8.0.27

/*!40101 SET @OLD_CHARACTER_SET_CLIENT=@@CHARACTER_SET_CLIENT */;
/*!40101 SET @OLD_CHARACTER_SET_RESULTS=@@CHARACTER_SET_RESULTS */;
/*!40101 SET @OLD_COLLATION_CONNECTION=@@COLLATION_CONNECTION */;
/*!50503 SET NAMES utf8 */;
/*!40103 SET @OLD_TIME_ZONE=@@TIME_ZONE */;
/*!40103 SET TIME_ZONE='+00:00' */;
/*!40014 SET @OLD_UNIQUE_CHECKS=@@UNIQUE_CHECKS, UNIQUE_CHECKS=0 */;
/*!40014 SET @OLD_FOREIGN_KEY_CHECKS=@@FOREIGN_KEY_CHECKS, FOREIGN_KEY_CHECKS=0 */;
/*!40101 SET @OLD_SQL_MODE=@@SQL_MODE, SQL_MODE='NO_AUTO_VALUE_ON_ZERO' */;
/*!40111 SET @OLD_SQL_NOTES=@@SQL_NOTES, SQL_NOTES=0 */;

--
-- Table structure for table `course`
--

DROP TABLE IF EXISTS `course`;
/*!40101 SET @saved_cs_client     = @@character_set_client */;
/*!50503 SET character_set_client = utf8mb4 */;
CREATE TABLE `course` (
  `course_id` int NOT NULL AUTO_INCREMENT,
  `course_order` int NOT NULL,
  `course_name` varchar(20) NOT NULL,
  `course_credit` int NOT NULL,
  `teacher_id` int NOT NULL,
  `course_semester` varchar(45) NOT NULL,
  `course_time` varchar(45) NOT NULL,
  `score_ratio` double DEFAULT NULL,
  `score_entered` varchar(1) DEFAULT 'n',
  PRIMARY KEY (`course_id`),
  UNIQUE KEY `class_id_UNIQUE` (`course_id`),
  KEY `teacher_id_idx` (`teacher_id`),
  CONSTRAINT `teacher_id` FOREIGN KEY (`teacher_id`) REFERENCES `teacher` (`teacher_id`)
) ENGINE=InnoDB AUTO_INCREMENT=36 DEFAULT CHARSET=utf8mb4 COLLATE=utf8mb4_0900_ai_ci;
/*!40101 SET character_set_client = @saved_cs_client */;

--
-- Dumping data for table `course`
--

LOCK TABLES `course` WRITE;
/*!40000 ALTER TABLE `course` DISABLE KEYS */;
INSERT INTO `course` VALUES (1,3001001,'数据结构',4,2001001,'2019-2020秋季','周三1-2',0.4,'y'),(2,3001001,'数据结构',4,2001001,'2020-2021秋季','周五1-2',0.4,'y'),(3,3001002,'操作系统',3,2001001,'2020-2021秋季','周四5-6',0.5,'y'),(4,3001003,'python计算',3,2001002,'2019-2020春季','周三10-2',0.3,'y'),(5,3002001,'理论力学',2,2002001,'2020-2021秋季','周一4-5',0.3,'y'),(6,3003001,'微积分',6,2003001,'2019-2020冬季','周一7-8',0.4,'y'),(7,3003002,'线性代数',3,2003002,'2019-2020春季','周二3-4',0.3,'y'),(11,3001004,'数据库原理',4,2001001,'2020-2021冬季','周三1-4',0.3,'y'),(12,3001004,'数据库原理',4,2001002,'2020-2020冬季','周三1-4',0.3,'y'),(13,3001004,'数据库原理',4,2001003,'2019-2020冬季','周三1-4',0.3,'y'),(20,3001018,'系统结构',6,2003001,'2020-2021秋季','周二1-4',0.5,'y'),(21,3002002,'分子物理学',4,2002001,'2019-2020秋季','周五11-13',0.2,'y'),(22,3001005,'通信学',2,2001003,'2020-2021冬季','周四7-8',0.3,'y'),(23,3003003,'离散数学',3,2001003,'2019-2020春季','周一11-12',0.4,'y'),(24,3003003,'离散数学',3,2003001,'2019-2020春季','周一11-12',0.4,'y'),(25,3003003,'离散数学',3,2003002,'2020-2021春季','周一11-12',0.4,'n'),(27,3001006,'计算机网络',4,2001001,'2019-2020秋季','周二5-6 周四5-6',0.3,'y'),(28,3001007,'微机原理',4,2001001,'2019-2020冬季','周三1-2 周五5-6',0.3,'y'),(29,3001008,'编码理论',4,2001002,'2019-2020秋季','周一10-12 周五1-2实验',0.2,'y'),(30,3001009,'Java程序设计',4,2001002,'2019-2020冬季','周一5-7 周三1-2单',0.2,'y'),(31,3001010,'编译原理',2,2001001,'2019-2020春季','周五3-4',0.4,'y'),(32,3001011,'软件工程',4,2001003,'2020-2021秋季','周一10-12实验 周三5-6',0.5,'y'),(33,3001012,'数字图像处理',2,2001001,'2020-2021冬季','周四1-2',0.3,'y'),(34,3001013,'机器学习',3,2001003,'2020-2021秋季','周二3-4 周四3-4实验',0.2,'y'),(35,3001014,'计算机图形学',2,2001001,'2020-2021冬季','周三10-11',0.3,'y');
/*!40000 ALTER TABLE `course` ENABLE KEYS */;
UNLOCK TABLES;

--
-- Table structure for table `score`
--

DROP TABLE IF EXISTS `score`;
/*!40101 SET @saved_cs_client     = @@character_set_client */;
/*!50503 SET character_set_client = utf8mb4 */;
CREATE TABLE `score` (
  `student_id` int NOT NULL,
  `course_id` int NOT NULL,
  `usual_score` int DEFAULT NULL,
  `test_score` int DEFAULT NULL,
  PRIMARY KEY (`student_id`,`course_id`),
  KEY `student_id_idx` (`student_id`),
  KEY `course_order_idx` (`course_id`),
  CONSTRAINT `course_id` FOREIGN KEY (`course_id`) REFERENCES `course` (`course_id`),
  CONSTRAINT `student_id` FOREIGN KEY (`student_id`) REFERENCES `student` (`student_id`)
) ENGINE=InnoDB DEFAULT CHARSET=utf8mb4 COLLATE=utf8mb4_0900_ai_ci;
/*!40101 SET character_set_client = @saved_cs_client */;

--
-- Dumping data for table `score`
--

LOCK TABLES `score` WRITE;
/*!40000 ALTER TABLE `score` DISABLE KEYS */;
INSERT INTO `score` VALUES (11190001,1,53,57),(11190001,3,98,64),(11190001,4,88,70),(11190001,13,76,84),(11190001,22,68,59),(11190001,25,89,69),(11190001,27,68,84),(11190001,28,89,61),(11190001,29,80,65),(11190001,30,96,88),(11190001,31,89,64),(11190001,32,98,69),(11190001,33,69,75),(11190001,34,85,96),(11190001,35,65,66),(11190002,1,93,57),(11190002,3,79,82),(11190002,4,56,80),(11190002,13,98,82),(11190002,25,86,86),(11190002,29,99,80),(11190002,30,71,74),(11190002,31,84,70),(11190002,32,72,60),(11190002,33,56,57),(11190002,34,87,81),(11190002,35,95,58),(11190003,1,99,67),(11190003,3,56,63),(11190003,4,75,99),(11190003,13,69,94),(11190003,27,86,74),(11190003,29,66,66),(11190003,30,87,82),(11190003,31,97,58),(11190003,32,65,82),(11190003,34,70,85),(11190004,1,82,54),(11190004,3,74,87),(11190004,4,73,62),(11190004,13,74,86),(11190004,22,84,93),(11190004,27,88,90),(11190004,28,63,58),(11190004,29,59,66),(11190004,30,83,77),(11190004,34,81,70),(11190005,1,75,79),(11190005,3,83,85),(11190005,4,100,79),(11190005,13,69,60),(11190005,22,71,63),(11190005,25,99,75),(11190005,29,70,68),(11190005,31,66,76),(11190005,32,65,67),(11190005,33,70,96),(11190006,1,72,64),(11190006,3,97,85),(11190006,4,58,86),(11190006,13,62,69),(11190006,22,74,100),(11190006,27,67,91),(11190006,28,58,55),(11190006,29,84,62),(11190006,30,62,75),(11190006,31,93,85),(11190006,32,99,72),(11190006,33,64,85),(11190006,34,68,83),(11190006,35,55,55),(11190007,1,53,94),(11190007,3,96,61),(11190007,4,84,88),(11190007,13,57,84),(11190007,22,83,75),(11190007,25,87,43),(11190007,27,99,71),(11190007,29,78,93),(11190007,31,74,90),(11190008,1,57,80),(11190008,3,59,58),(11190008,4,100,71),(11190008,13,91,64),(11190008,22,73,98),(11190008,28,64,58),(11190008,29,59,98),(11190008,30,81,72),(11190008,31,90,100),(11190008,32,69,98),(11190008,34,64,69),(11190008,35,82,87),(11190009,1,65,90),(11190009,3,55,79),(11190009,4,71,70),(11190009,13,61,78),(11190009,27,95,97),(11190009,29,77,70),(11190009,35,71,66),(11190010,1,59,81),(11190010,3,76,50),(11190010,4,100,82),(11190010,13,64,80),(11190010,25,56,28),(11190010,27,93,64),(11190010,28,65,73),(11190010,29,68,99),(11190010,30,78,92),(11190010,32,95,82),(11190010,34,61,87),(11190010,35,63,57),(11190011,1,74,54),(11190011,3,53,56),(11190011,4,67,64),(11190011,13,70,88),(11190011,27,67,68),(11190011,28,81,100),(11190011,29,94,56),(11190011,30,79,96),(11190011,31,87,76),(11190011,35,56,67),(11190012,1,83,72),(11190012,3,63,89),(11190012,4,71,65),(11190012,13,54,87),(11190012,27,87,93),(11190012,28,93,99),(11190012,29,73,77),(11190012,30,95,70),(11190012,31,81,70),(11190012,32,99,55),(11190012,33,64,96),(11190012,34,81,82),(11190013,1,71,61),(11190013,3,78,70),(11190013,4,93,57),(11190013,13,54,85),(11190013,25,96,96),(11190013,27,81,87),(11190013,29,86,66),(11190013,30,68,92),(11190013,31,94,95),(11190013,32,69,78),(11190013,33,99,64),(11190013,34,64,82),(11190014,1,77,68),(11190014,3,82,65),(11190014,4,84,56),(11190014,13,68,92),(11190014,22,98,97),(11190014,25,75,88),(11190014,27,93,82),(11190014,29,57,57),(11190014,30,64,85),(11190014,31,58,100),(11190014,32,68,58),(11190014,35,91,96),(11190015,1,92,84),(11190015,3,58,95),(11190015,4,74,57),(11190015,13,96,82),(11190015,22,94,60),(11190015,25,NULL,NULL),(11190015,27,76,75),(11190015,28,83,87),(11190015,29,55,74),(11190015,30,86,64),(11190015,32,58,94),(11190015,33,87,68),(11190015,34,88,60),(11190016,1,72,74),(11190016,3,50,100),(11190016,4,93,53),(11190016,13,54,55),(11190016,22,97,74),(11190016,27,78,87),(11190016,28,67,94),(11190016,29,96,68),(11190016,30,63,78),(11190016,32,75,74),(11190016,34,72,98),(11190017,1,99,71),(11190017,3,81,100),(11190017,4,90,74),(11190017,13,98,60),(11190017,25,NULL,NULL),(11190017,27,60,59),(11190017,28,70,100),(11190017,29,98,68),(11190017,31,56,67),(11190017,32,59,64),(11190017,34,84,92),(11190017,35,74,92),(11190018,1,90,55),(11190018,3,57,69),(11190018,13,95,92),(11190018,25,NULL,NULL),(11190018,27,97,72),(11190018,28,66,82),(11190018,29,82,71),(11190018,30,71,65),(11190018,31,94,89),(11190018,32,67,100),(11190018,33,65,69),(11190018,34,91,80),(11190019,1,81,66),(11190019,3,57,73),(11190019,4,71,63),(11190019,13,82,91),(11190019,28,91,71),(11190019,29,93,93),(11190019,30,75,57),(11190019,31,58,74),(11190019,32,61,62),(11190019,33,80,80),(11190019,34,74,86),(11190019,35,96,97),(11190020,1,60,82),(11190020,3,54,87),(11190020,4,50,63),(11190020,13,60,60),(11190020,25,NULL,NULL),(11190020,27,91,70),(11190020,28,56,89),(11190020,29,88,82),(11190020,31,73,69),(11190020,32,55,98),(11190020,33,74,79),(11190020,34,72,86),(11190021,1,64,71),(11190021,3,63,66),(11190021,4,75,88),(11190021,13,74,55),(11190021,25,NULL,NULL),(11190021,29,89,67),(11190021,30,81,72),(11190021,31,78,71),(11190021,33,71,72),(11190021,34,98,86),(11190021,35,88,72),(11200001,2,69,78),(11200001,3,63,100),(11200001,4,98,54),(11200001,11,53,80),(11200002,2,56,98),(11200002,3,77,95),(11200002,11,79,92),(11200003,2,68,73),(11200003,3,82,86),(11200003,4,95,91),(11200003,11,100,70),(11200004,2,88,56),(11200004,3,65,84),(11200004,4,59,88),(11200004,12,99,54),(11200004,22,67,91),(11200005,2,83,98),(11200005,3,95,98),(11200005,4,58,92),(11200005,12,93,65),(11200006,2,70,85),(11200006,3,79,89),(11200006,12,70,80),(11200007,2,92,100),(11200007,3,66,96),(11200007,4,100,72),(11200007,12,66,84),(11200008,2,71,73),(11200008,3,56,53),(11200008,4,77,87),(11200008,11,56,56),(11200009,2,91,96),(11200009,3,80,63),(11200009,4,80,75),(11200009,12,90,64),(11200010,2,84,53),(11200010,3,93,53),(11200010,4,97,96),(11200010,11,65,69),(11200010,22,65,79),(11200011,2,60,64),(11200011,3,67,59),(11200011,11,90,76),(11200012,2,77,79),(11200012,3,98,87),(11200012,4,93,80),(11200012,11,64,72),(11200013,2,64,57),(11200013,3,76,87),(11200013,4,98,95),(11200013,11,58,81),(11200013,22,93,98),(12190001,5,88,74),(12190001,21,84,98),(12190002,5,97,77),(12190002,21,50,88),(12190003,5,61,51),(12190003,21,62,54),(12190004,5,90,59),(12190004,21,61,62),(12190005,5,60,72),(12190006,5,79,52),(12190006,21,53,56),(12190007,5,71,58),(12190007,21,84,85),(12190008,5,54,62),(12190008,21,65,100),(12190009,5,100,80),(12190010,5,96,65),(12190010,21,59,61),(12190011,5,89,66),(12190011,21,59,60),(12190012,5,83,77),(12190012,21,96,89),(12190013,5,96,91),(12190013,21,79,72),(12200001,5,93,72),(12200001,21,83,72),(12200002,5,65,92),(12200002,21,83,99),(12200003,5,83,52),(12200003,21,85,99),(12200004,5,75,75),(12200004,21,98,99),(12200005,5,95,71),(12200005,21,95,82),(12200006,5,53,67),(12200006,21,77,62),(12200007,5,97,75),(12200007,21,99,51),(12200008,5,90,61),(12200008,21,96,72),(12200009,5,57,97),(12200009,21,81,60),(12200010,5,83,79),(12200010,21,99,77),(12200011,5,88,86),(12200011,21,79,51),(12200012,5,67,94),(12200012,21,51,97),(12200013,5,70,76),(12200013,21,75,69),(12200014,5,74,89),(12200014,21,62,77),(13190001,6,62,74),(13190001,7,69,50),(13190001,20,83,80),(13190001,24,97,50),(13190002,6,79,100),(13190002,7,61,55),(13190002,23,60,94),(13190003,6,81,87),(13190003,7,89,99),(13190003,24,81,99),(13190004,6,63,50),(13190004,7,84,72),(13190004,23,57,91),(13190005,6,50,81),(13190005,7,84,61),(13190005,20,76,91),(13190005,24,68,63),(13190006,6,66,64),(13190006,7,78,76),(13190006,20,67,89),(13190006,23,54,88),(13190007,6,70,58),(13190007,7,57,50),(13190007,20,58,80),(13190007,23,69,69),(13190008,6,68,58),(13190008,7,100,71),(13190008,23,54,86),(13190009,6,69,83),(13190009,7,93,89),(13190009,20,91,51),(13190009,23,60,70),(13190010,6,52,89),(13190010,7,99,74),(13190010,20,55,51),(13190010,24,90,74),(13190011,6,96,67),(13190011,7,83,61),(13190011,23,78,52),(13190012,6,92,88),(13190012,7,94,96),(13190012,20,96,91),(13190012,23,72,78),(13190013,6,94,100),(13190013,7,60,76),(13190013,23,63,73),(13190014,6,58,70),(13190014,7,84,73),(13190014,23,84,77),(13190015,6,89,77),(13190015,7,63,92),(13190015,20,91,67),(13190015,24,78,96),(13190016,6,89,71),(13190016,7,96,75),(13190016,20,75,94),(13190016,24,95,56),(13190017,6,80,72),(13190017,7,59,76),(13190017,24,73,89),(13200001,6,78,62),(13200001,7,98,89),(13200001,20,53,86),(13200002,6,69,69),(13200002,7,58,50),(13200003,6,72,83),(13200003,7,75,100),(13200003,20,93,89),(13200004,6,76,75),(13200004,7,66,63),(13200005,6,82,61),(13200005,7,73,53),(13200006,6,78,95),(13200006,7,95,96),(13200006,20,59,69),(13200007,6,80,99),(13200007,7,71,66),(13200007,20,58,63),(13200008,6,58,76),(13200008,7,96,97),(13200008,20,71,58),(13200009,6,90,72),(13200009,7,81,63),(13200009,20,91,79),(13200010,6,51,89),(13200010,7,95,58),(13200011,6,99,81),(13200011,7,78,63),(13200011,20,68,92);
/*!40000 ALTER TABLE `score` ENABLE KEYS */;
UNLOCK TABLES;

--
-- Table structure for table `student`
--

DROP TABLE IF EXISTS `student`;
/*!40101 SET @saved_cs_client     = @@character_set_client */;
/*!50503 SET character_set_client = utf8mb4 */;
CREATE TABLE `student` (
  `student_id` int NOT NULL,
  `student_name` varchar(10) NOT NULL,
  `student_password` varchar(20) NOT NULL,
  `student_sex` varchar(4) DEFAULT '男',
  `student_major` varchar(45) DEFAULT NULL,
  `student_grade` int DEFAULT NULL,
  PRIMARY KEY (`student_id`),
  UNIQUE KEY `student_id_UNIQUE` (`student_id`)
) ENGINE=InnoDB DEFAULT CHARSET=utf8mb4 COLLATE=utf8mb4_0900_ai_ci;
/*!40101 SET character_set_client = @saved_cs_client */;

--
-- Dumping data for table `student`
--

LOCK TABLES `student` WRITE;
/*!40000 ALTER TABLE `student` DISABLE KEYS */;
INSERT INTO `student` VALUES (11190001,'蒋星津','123456','男','计算机系',2019),(11190002,'赖兰芝','123456','女','计算机系',2019),(11190003,'钟成双','123456','男','计算机系',2019),(11190004,'蔡文星','123456','男','计算机系',2019),(11190005,'侯竹雨','123456','女','计算机系',2019),(11190006,'曾冰香','123456','女','计算机系',2019),(11190007,'何俊名','123456','男','计算机系',2019),(11190008,'崔亦','123456','女','计算机系',2019),(11190009,'魏宏达','123456','男','计算机系',2019),(11190010,'卢文光','123456','男','计算机系',2019),(11190011,'邹朋','123456','男','计算机系',2019),(11190012,'袁成益','123456','男','计算机系',2019),(11190013,'孙雨彤','123456','女','计算机系',2019),(11190014,'贺安','123456','男','计算机系',2019),(11190015,'汪鸿彩','123456','男','计算机系',2019),(11190016,'贾宾实','123456','男','计算机系',2019),(11190017,'刘飞翔','123456','男','计算机系',2019),(11190018,'段欣荣','123456','男','计算机系',2019),(11190019,'万嘉禧','123456','男','计算机系',2019),(11190020,'叶静雅','123456','女','计算机系',2019),(11190021,'赵倡','123456','男','计算机系',2019),(11200001,'李锐利','123456','男','计算机系',2020),(11200002,'任嘉平','123456','男','计算机系',2020),(11200003,'薛越','123456','女','计算机系',2020),(11200004,'崔春娇','123456','女','计算机系',2020),(11200005,'曹千怡','123456','女','计算机系',2020),(11200006,'龚梓蓓','123456','女','计算机系',2020),(11200007,'郭政','123456','男','计算机系',2020),(11200008,'赖傲儿','123456','女','计算机系',2020),(11200009,'金娆','123456','女','计算机系',2020),(11200010,'杜碧','123456','男','计算机系',2020),(11200011,'田德运','123456','男','计算机系',2020),(11200012,'范颜','123456','女','计算机系',2020),(11200013,'吕婷婷','123456','女','计算机系',2020),(12190001,'汤寻巧','123456','女','物理系',2019),(12190002,'熊绍','123456','男','物理系',2019),(12190003,'高兴修','123456','男','物理系',2019),(12190004,'傅天和','123456','男','物理系',2019),(12190005,'戴陶宜','123456','女','物理系',2019),(12190006,'沈巍然','123456','男','物理系',2019),(12190007,'苏艺萍','123456','女','物理系',2019),(12190008,'苏良工','123456','男','物理系',2019),(12190009,'孙寄真','123456','女','物理系',2019),(12190010,'高仕','123456','男','物理系',2019),(12190011,'邱成礼','123456','男','物理系',2019),(12190012,'陆碧','123456','女','物理系',2019),(12190013,'叶星河','123456','男','物理系',2019),(12200001,'姚雅安','123456','女','物理系',2020),(12200002,'夏阳曜','123456','男','物理系',2020),(12200003,'程茗','123456','女','物理系',2020),(12200004,'乔承宣','123456','男','物理系',2020),(12200005,'熊成周','123456','男','物理系',2020),(12200006,'郭华灿','123456','男','物理系',2020),(12200007,'熊小枫','123456','女','物理系',2020),(12200008,'潘天成','123456','男','物理系',2020),(12200009,'梁娴雅','123456','女','物理系',2020),(12200010,'方凝静','123456','女','物理系',2020),(12200011,'韩毅然','123456','男','物理系',2020),(12200012,'熊连英','123456','女','物理系',2020),(12200013,'姚建修','123456','男','物理系',2020),(12200014,'康元明','123456','男','物理系',2020),(13190001,'韩宏深','123456','男','数学系',2019),(13190002,'刘洁玉','123456','女','数学系',2019),(13190003,'傅玉轩','123456','男','数学系',2019),(13190004,'乔容','123456','女','数学系',2019),(13190005,'文柴','123456','男','数学系',2019),(13190006,'潘永嘉','123456','男','数学系',2019),(13190007,'文真','123456','男','数学系',2019),(13190008,'马友绿','123456','女','数学系',2019),(13190009,'邱姗','123456','女','数学系',2019),(13190010,'薛文山','123456','男','数学系',2019),(13190011,'唐碧','123456','女','数学系',2019),(13190012,'苏诗双','123456','女','数学系',2019),(13190013,'杨景福','123456','男','数学系',2019),(13190014,'蒋俊材','123456','男','数学系',2019),(13190015,'卢梦云','123456','女','数学系',2019),(13190016,'朱春','123456','女','数学系',2019),(13190017,'崔劭','123456','男','数学系',2019),(13200001,'史安娅','123456','女','数学系',2020),(13200002,'方天华','123456','男','数学系',2020),(13200003,'朱依楠','123456','女','数学系',2020),(13200004,'郭立果','123456','男','数学系',2020),(13200005,'汪德润','123456','男','数学系',2020),(13200006,'汤甄梨','123456','女','数学系',2020),(13200007,'邓玉书','123456','男','数学系',2020),(13200008,'蒋高翰','123456','男','数学系',2020),(13200009,'曹伟志','123456','男','数学系',2020),(13200010,'阎紫杉','123456','女','数学系',2020),(13200011,'钱芮美','123456','女','数学系',2020);
/*!40000 ALTER TABLE `student` ENABLE KEYS */;
UNLOCK TABLES;

--
-- Table structure for table `teacher`
--

DROP TABLE IF EXISTS `teacher`;
/*!40101 SET @saved_cs_client     = @@character_set_client */;
/*!50503 SET character_set_client = utf8mb4 */;
CREATE TABLE `teacher` (
  `teacher_id` int NOT NULL,
  `teacher_name` varchar(10) NOT NULL,
  `teacher_password` varchar(20) NOT NULL,
  `teacher_major` varchar(45) DEFAULT NULL,
  PRIMARY KEY (`teacher_id`),
  UNIQUE KEY `teacher_id_UNIQUE` (`teacher_id`)
) ENGINE=InnoDB DEFAULT CHARSET=utf8mb4 COLLATE=utf8mb4_0900_ai_ci;
/*!40101 SET character_set_client = @saved_cs_client */;

--
-- Dumping data for table `teacher`
--

LOCK TABLES `teacher` WRITE;
/*!40000 ALTER TABLE `teacher` DISABLE KEYS */;
INSERT INTO `teacher` VALUES (2001001,'陈书玄','123456','计算机系'),(2001002,'李泽城','123456','计算机系'),(2001003,'吴宝钢','123456','计算机系'),(2002001,'王一凡','123456','物理系'),(2003001,'张心颖','123456','数学系'),(2003002,'李立国','123456','数学系');
/*!40000 ALTER TABLE `teacher` ENABLE KEYS */;
UNLOCK TABLES;

--
-- Temporary view structure for view `used_score`
--

DROP TABLE IF EXISTS `used_score`;
/*!50001 DROP VIEW IF EXISTS `used_score`*/;
SET @saved_cs_client     = @@character_set_client;
/*!50503 SET character_set_client = utf8mb4 */;
/*!50001 CREATE VIEW `used_score` AS SELECT 
 1 AS `学号`,
 1 AS `工号`,
 1 AS `学期`,
 1 AS `课程编号`,
 1 AS `课程名`,
 1 AS `学分`,
 1 AS `平时成绩`,
 1 AS `考试成绩`,
 1 AS `成绩`,
 1 AS `绩点`*/;
SET character_set_client = @saved_cs_client;

--
-- Final view structure for view `used_score`
--

/*!50001 DROP VIEW IF EXISTS `used_score`*/;
/*!50001 SET @saved_cs_client          = @@character_set_client */;
/*!50001 SET @saved_cs_results         = @@character_set_results */;
/*!50001 SET @saved_col_connection     = @@collation_connection */;
/*!50001 SET character_set_client      = utf8mb4 */;
/*!50001 SET character_set_results     = utf8mb4 */;
/*!50001 SET collation_connection      = utf8_general_ci */;
/*!50001 CREATE ALGORITHM=UNDEFINED */
/*!50013 DEFINER=`root`@`localhost` SQL SECURITY DEFINER */
/*!50001 VIEW `used_score` AS select distinct `score`.`student_id` AS `学号`,`course`.`teacher_id` AS `工号`,`course`.`course_semester` AS `学期`,`course`.`course_order` AS `课程编号`,`course`.`course_name` AS `课程名`,`course`.`course_credit` AS `学分`,`score`.`usual_score` AS `平时成绩`,`score`.`test_score` AS `考试成绩`,round(((`score`.`usual_score` * `course`.`score_ratio`) + (`score`.`test_score` * (1 - `course`.`score_ratio`))),0) AS `成绩`,(case when ((round(((`score`.`usual_score` * `course`.`score_ratio`) + (`score`.`test_score` * (1 - `course`.`score_ratio`))),0) >= 90) and (round(((`score`.`usual_score` * `course`.`score_ratio`) + (`score`.`test_score` * (1 - `course`.`score_ratio`))),0) <= 100)) then 4.0 when ((round(((`score`.`usual_score` * `course`.`score_ratio`) + (`score`.`test_score` * (1 - `course`.`score_ratio`))),0) >= 85) and (round(((`score`.`usual_score` * `course`.`score_ratio`) + (`score`.`test_score` * (1 - `course`.`score_ratio`))),0) < 90)) then 3.7 when ((round(((`score`.`usual_score` * `course`.`score_ratio`) + (`score`.`test_score` * (1 - `course`.`score_ratio`))),0) >= 82) and (round(((`score`.`usual_score` * `course`.`score_ratio`) + (`score`.`test_score` * (1 - `course`.`score_ratio`))),0) < 85)) then 3.3 when ((round(((`score`.`usual_score` * `course`.`score_ratio`) + (`score`.`test_score` * (1 - `course`.`score_ratio`))),0) >= 78) and (round(((`score`.`usual_score` * `course`.`score_ratio`) + (`score`.`test_score` * (1 - `course`.`score_ratio`))),0) < 82)) then 3.0 when ((round(((`score`.`usual_score` * `course`.`score_ratio`) + (`score`.`test_score` * (1 - `course`.`score_ratio`))),0) >= 75) and (round(((`score`.`usual_score` * `course`.`score_ratio`) + (`score`.`test_score` * (1 - `course`.`score_ratio`))),0) < 78)) then 2.7 when ((round(((`score`.`usual_score` * `course`.`score_ratio`) + (`score`.`test_score` * (1 - `course`.`score_ratio`))),0) >= 72) and (round(((`score`.`usual_score` * `course`.`score_ratio`) + (`score`.`test_score` * (1 - `course`.`score_ratio`))),0) < 75)) then 2.3 when ((round(((`score`.`usual_score` * `course`.`score_ratio`) + (`score`.`test_score` * (1 - `course`.`score_ratio`))),0) >= 68) and (round(((`score`.`usual_score` * `course`.`score_ratio`) + (`score`.`test_score` * (1 - `course`.`score_ratio`))),0) < 72)) then 2.0 when ((round(((`score`.`usual_score` * `course`.`score_ratio`) + (`score`.`test_score` * (1 - `course`.`score_ratio`))),0) >= 66) and (round(((`score`.`usual_score` * `course`.`score_ratio`) + (`score`.`test_score` * (1 - `course`.`score_ratio`))),0) < 68)) then 1.7 when ((round(((`score`.`usual_score` * `course`.`score_ratio`) + (`score`.`test_score` * (1 - `course`.`score_ratio`))),0) >= 64) and (round(((`score`.`usual_score` * `course`.`score_ratio`) + (`score`.`test_score` * (1 - `course`.`score_ratio`))),0) < 66)) then 1.5 when ((round(((`score`.`usual_score` * `course`.`score_ratio`) + (`score`.`test_score` * (1 - `course`.`score_ratio`))),0) >= 60) and (round(((`score`.`usual_score` * `course`.`score_ratio`) + (`score`.`test_score` * (1 - `course`.`score_ratio`))),0) < 64)) then 1.0 when ((round(((`score`.`usual_score` * `course`.`score_ratio`) + (`score`.`test_score` * (1 - `course`.`score_ratio`))),0) >= 0) and (round(((`score`.`usual_score` * `course`.`score_ratio`) + (`score`.`test_score` * (1 - `course`.`score_ratio`))),0) < 60)) then 0.0 else NULL end) AS `绩点` from ((`score` join `course`) join `teacher`) where (`score`.`course_id` = `course`.`course_id`) */;
/*!50001 SET character_set_client      = @saved_cs_client */;
/*!50001 SET character_set_results     = @saved_cs_results */;
/*!50001 SET collation_connection      = @saved_col_connection */;
/*!40103 SET TIME_ZONE=@OLD_TIME_ZONE */;

/*!40101 SET SQL_MODE=@OLD_SQL_MODE */;
/*!40014 SET FOREIGN_KEY_CHECKS=@OLD_FOREIGN_KEY_CHECKS */;
/*!40014 SET UNIQUE_CHECKS=@OLD_UNIQUE_CHECKS */;
/*!40101 SET CHARACTER_SET_CLIENT=@OLD_CHARACTER_SET_CLIENT */;
/*!40101 SET CHARACTER_SET_RESULTS=@OLD_CHARACTER_SET_RESULTS */;
/*!40101 SET COLLATION_CONNECTION=@OLD_COLLATION_CONNECTION */;
/*!40111 SET SQL_NOTES=@OLD_SQL_NOTES */;

-- Dump completed on 2022-03-01 22:54:58
